{
    "model": "Mini-GRU + Attention (GloVe)",
    "training_time_sec": 1354.0188143253326,
    "inference_time_sec": 11.968881845474243,
    "total_trainable_params": 768516,
    "metrics": {
        "accuracy": 0.48170326014637393,
        "precision": 0.4992117718965709,
        "recall": 0.48170326014637393,
        "f1_score": 0.47759147669480884
    },
    "confusion_matrix": [
        [
            467,
            383,
            168
        ],
        [
            243,
            591,
            110
        ],
        [
            298,
            356,
            390
        ]
    ]
}