{
    "model": "Mini-GRU + Topic-Aware Attention (GloVe)",
    "training_time_sec": 2576.3423595428467,
    "inference_time_sec": 18.48037886619568,
    "total_trainable_params": 8503552,
    "metrics": {
        "accuracy": 0.5571567672833495,
        "precision": 0.5580084061058778,
        "recall": 0.5571567672833495,
        "f1_score": 0.5545415225607679
    },
    "confusion_matrix": [
        [
            965,
            495,
            252
        ],
        [
            817,
            667,
            228
        ],
        [
            264,
            218,
            1229
        ]
    ]
}