{
    "model": "Mini-GRU + Attention (GloVe)",
    "training_time_sec": 1237.9644446372986,
    "inference_time_sec": 8.714870691299438,
    "total_trainable_params": 768516,
    "metrics": {
        "accuracy": 0.578383641674781,
        "precision": 0.6032474474071706,
        "recall": 0.578383641674781,
        "f1_score": 0.569251142451063
    },
    "confusion_matrix": [
        [
            1217,
            311,
            184
        ],
        [
            1017,
            535,
            160
        ],
        [
            396,
            97,
            1218
        ]
    ]
}