{
    "accuracy": 0.6589271417133707,
    "precision": 0.6958517247067074,
    "recall": 0.6589271417133707,
    "f1": 0.6650106407322288,
    "training_time_sec": 138.19794297218323,
    "inference_time_sec": 4.843697547912598
}