{
    "model": "Mini-GRU + Topic-Aware Attention (GloVe)",
    "training_time_sec": 2766.6621901988983,
    "inference_time_sec": 13.199318170547485,
    "total_trainable_params": 5192452,
    "metrics": {
        "accuracy": 0.40652029274783763,
        "precision": 0.4090153436234196,
        "recall": 0.40652029274783763,
        "f1_score": 0.39321386598109664
    },
    "confusion_matrix": [
        [
            427,
            400,
            191
        ],
        [
            223,
            555,
            166
        ],
        [
            332,
            472,
            240
        ]
    ]
}