{
    "model": "GRU + Attention (Trainable Embeddings)",
    "training_time_sec": 607.6261074542999,
    "inference_time_sec": 4.170438528060913,
    "total_trainable_params": 1634764,
    "metrics": {
        "accuracy": 0.5675,
        "precision": 0.5645215748684194,
        "recall": 0.5675,
        "f1_score": 0.5640957105780383
    },
    "confusion_matrix": [
        [
            114,
            53,
            76
        ],
        [
            64,
            138,
            61
        ],
        [
            40,
            52,
            202
        ]
    ]
}