{
    "model": "BART",
    "training_time_sec": 2800.3248765468597,
    "inference_time_sec": 61.56925654411316,
    "total_trainable_params": 140013315,
    "accuracy": 0.36633663366336633,
    "precision": 0.31340925890696325,
    "recall": 0.36633663366336633,
    "f1_score": 0.25493124287146013
}