{
    "accuracy": 0.4186704384724187,
    "precision": 0.4183628087025261,
    "recall": 0.4186704384724187,
    "f1": 0.38020956406250217,
    "training_time_sec": 4129.530740261078,
    "inference_time_sec": 58.19349527359009
}