{
    "model": "GRU + Attention ",
    "training_time_sec": 294.14297008514404,
    "inference_time_sec": 8.312665700912476,
    "total_trainable_params": 1916340,
    "metrics": {
        "accuracy": 0.33097595473833097,
        "precision": 0.32948870231615685,
        "recall": 0.33097595473833097,
        "f1_score": 0.32123211174079713
    },
    "confusion_matrix": [
        [
            75,
            48,
            176
        ],
        [
            41,
            33,
            74
        ],
        [
            106,
            28,
            126
        ]
    ]
}