{
    "model": "Mini-GRU + Topic-Aware Attention (GloVe)",
    "training_time_sec": 65.82664847373962,
    "inference_time_sec": 1.3292548656463623,
    "total_trainable_params": 1863952,
    "metrics": {
        "accuracy": 0.3422913719943423,
        "precision": 0.34199458666957844,
        "recall": 0.3422913719943423,
        "f1_score": 0.3348240459801005
    },
    "confusion_matrix": [
        [
            79,
            53,
            167
        ],
        [
            47,
            37,
            64
        ],
        [
            91,
            43,
            126
        ]
    ]
}