{
    "model": "GRU + Attention (Trainable Embeddings)",
    "training_time_sec": 103.1056125164032,
    "inference_time_sec": 1.3814005851745605,
    "total_trainable_params": 3202507,
    "metrics": {
        "accuracy": 0.6611033843300881,
        "precision": 0.6608247876615765,
        "recall": 0.6611033843300881,
        "f1_score": 0.6602845657506602
    },
    "confusion_matrix": [
        [
            794,
            331
        ],
        [
            400,
            632
        ]
    ]
}