{
    "model": "Mini-GRU + Topic-Aware Attention (GloVe)",
    "training_time_sec": 1125.7872984409332,
    "inference_time_sec": 6.506278038024902,
    "total_trainable_params": 5048495,
    "metrics": {
        "accuracy": 0.6708391284191006,
        "precision": 0.670994855169858,
        "recall": 0.6708391284191006,
        "f1_score": 0.6694626919625613
    },
    "confusion_matrix": [
        [
            820,
            305
        ],
        [
            405,
            627
        ]
    ]
}