{
    "model": "Mini-GRU + Attention (GloVe)",
    "training_time_sec": 6951.525298118591,
    "inference_time_sec": 46.689087867736816,
    "total_trainable_params": 768516,
    "metrics": {
        "accuracy": 0.58625,
        "precision": 0.5931628353963597,
        "recall": 0.58625,
        "f1_score": 0.5881776732283873
    },
    "confusion_matrix": [
        [
            140,
            64,
            39
        ],
        [
            77,
            140,
            46
        ],
        [
            66,
            39,
            189
        ]
    ]
}